{
    "TILK-E:1337": {
        "1337_Run0.csv": {
            "driver": "GRO-Online",
            "laps": {
                "0": {
                    "laptime": 131785.9259276649,
                    "sectors": [
                        14573.118866182687,
                        45926.873608094174,
                        71285.93345338803
                    ],
                    "microsectors": [
                        135.9155017763826,
                        395.3846225386826,
                        834.1965076161306,
                        1750.4646915451358,
                        1798.997273585264,
                        2079.711156922217,
                        1807.6148574473477,
                        1713.1384218763217,
                        1956.614205920198,
                        2101.081626955008,
                        2531.7265167241744,
                        3471.123904889633,
                        4682.839222962966,
                        4079.8110938031837,
                        3622.9068659937916,
                        5245.444719052535,
                        5600.924899745507,
                        5351.41895179062,
                        6470.87894253608,
                        4869.798490595685,
                        4258.06701055881,
                        4860.641088464258,
                        6852.741098563814,
                        7481.789831575024,
                        6971.409161900807,
                        6453.240815992646,
                        7285.978992486507,
                        7542.106789970212,
                        6500.765439027874,
                        13079.19322484808
                    ]
                },
                "1": {
                    "laptime": 131785.9259276649,
                    "sectors": [
                        14573.118866182687,
                        45926.873608094174,
                        71285.93345338803
                    ],
                    "microsectors": [
                        135.9155017763826,
                        395.3846225386826,
                        834.1965076161306,
                        1750.4646915451358,
                        1798.997273585264,
                        2079.711156922217,
                        1807.6148574473477,
                        1713.1384218763217,
                        1956.614205920198,
                        2101.081626955008,
                        2531.7265167241744,
                        3471.123904889633,
                        4682.839222962966,
                        4079.8110938031837,
                        3622.9068659937916,
                        5245.444719052535,
                        5600.924899745507,
                        5351.41895179062,
                        6470.87894253608,
                        4869.798490595685,
                        4258.06701055881,
                        4860.641088464258,
                        6852.741098563814,
                        7481.789831575024,
                        6971.409161900807,
                        6453.240815992646,
                        7285.978992486507,
                        7542.106789970212,
                        6500.765439027874,
                        13079.19322484808
                    ]
                }
            }
        },
        "1337_Run1.csv": {
            "driver": "MidLine",
            "laps": {
                "0": {
                    "laptime": 141927.0493833482,
                    "sectors": [
                        16361.053147517265,
                        50409.307682934144,
                        75156.6885528968
                    ],
                    "microsectors": [
                        202.50692891571308,
                        460.23231613657464,
                        828.467470982284,
                        1947.1173373439833,
                        2311.6354819045528,
                        2549.094312377925,
                        1858.7676069042961,
                        1957.513264313863,
                        2068.2255366014547,
                        2177.4928920366183,
                        2598.236284611651,
                        4298.098306184829,
                        5457.184717835856,
                        3985.964185744427,
                        4363.43267465443,
                        5054.806146134803,
                        6846.014661036251,
                        7222.077466673259,
                        5794.706627211814,
                        4788.786612846828,
                        4303.920395235489,
                        4745.3783025520725,
                        6740.559088268634,
                        9257.030394862853,
                        7929.341730254179,
                        6741.764917989774,
                        7550.738264632327,
                        7555.9061203607525,
                        6728.206301880589,
                        13603.84303686012
                    ]
                }
            }
        },
        "best_times": {
            "GRO-Online": {
                "laptime": 131785.9259276649,
                "sectors": [
                    14573.118866182687,
                    45926.873608094174,
                    71285.93345338803
                ],
                "microsectors": [
                    135.9155017763826,
                    395.3846225386826,
                    834.1965076161306,
                    1750.4646915451358,
                    1798.997273585264,
                    2079.711156922217,
                    1807.6148574473477,
                    1713.1384218763217,
                    1956.614205920198,
                    2101.081626955008,
                    2531.7265167241744,
                    3471.123904889633,
                    4682.839222962966,
                    4079.8110938031837,
                    3622.9068659937916,
                    5245.444719052535,
                    5600.924899745507,
                    5351.41895179062,
                    6470.87894253608,
                    4869.798490595685,
                    4258.06701055881,
                    4860.641088464258,
                    6852.741098563814,
                    7481.789831575024,
                    6971.409161900807,
                    6453.240815992646,
                    7285.978992486507,
                    7542.106789970212,
                    6500.765439027874,
                    13079.19322484808
                ]
            },
            "MidLine": {
                "laptime": 141927.0493833482,
                "sectors": [
                    16361.053147517265,
                    50409.307682934144,
                    75156.6885528968
                ],