{
    "TILK-E:1337": {
        "1337_Run0.csv": {
            "driver": "GRO-Online",
            "laps": {
                "0": {
                    "laptime": 131785.9259276649,
                    "sectors": [
                        14573.118866182687,
                        45926.873608094174,
                        71285.93345338803
                    ],
                    "microsectors": [
                        135.9155017763826,
                        395.3846225386826,
                        834.1965076161306,
                        1750.4646915451358,
                        1798.997273585264,
                        2079.711156922217,
                        1807.6148574473477,
                        1713.1384218763217,
                        1956.614205920198,
                        2101.081626955008,
                        2531.7265167241744,
                        3471.123904889633,
                        4682.839222962966,
                        4079.8110938031837,
                        3622.9068659937916,
                        5245.444719052535,
                        5600.924899745507,
                        5351.41895179062,
                        6470.87894253608,
                        4869.798490595685,
                        4258.06701055881,
                        4860.641088464258,
                        6852.741098563814,
                        7481.789831575024,
                        6971.409161900807,
                        6453.240815992646,
                        7285.978992486507,
                        7542.106789970212,
                        6500.765439027874,
                        13079.19322484808
                    ]
                },
                "1": {
                    "laptime": 131785.9259276649,
                    "sectors": [
                        14573.118866182687,
                        45926.873608094174,
                        71285.93345338803
                    ],
                    "microsectors": [
                        135.9155017763826,
                        395.3846225386826,
                        834.1965076161306,
                        1750.4646915451358,
                        1798.997273585264,
                        2079.711156922217,
                        1807.6148574473477,
                        1713.1384218763217,
                        1956.614205920198,
                        2101.081626955008,
                        2531.7265167241744,
                        3471.123904889633,
                        4682.839222962966,
                        4079.8110938031837,
                        3622.9068659937916,
                        5245.444719052535,
                        5600.924899745507,
                        5351.41895179062,
                        6470.87894253608,
                        4869.798490595685,
                        4258.06701055881,
                        4860.641088464258,
                        6852.741098563814,
                        7481.789831575024,
                        6971.409161900807,
                        6453.240815992646,
                        7285.978992486507,
                        7542.106789970212,
                        6500.765439027874,
                        13079.19322484808
                    ]
                },
                "2": {
                    "laptime": 131785.9259276649,
                    "sectors": [
                        14573.118866182687,
                        45926.873608094174,
                        71285.93345338803
                    ],
                    "microsectors": [
                        135.9155017763826,
                        395.3846225386826,
                        834.1965076161306,
                        1750.4646915451358,
                        1798.997273585264,
                        2079.711156922217,
                        1807.6148574473477,
                        1713.1384218763217,
                        1956.614205920198,
                        2101.081626955008,
                        2531.7265167241744,
                        3471.123904889633,
                        4682.839222962966,
                        4079.8110938031837,
                        3622.9068659937916,
                        5245.444719052535,
                        5600.924899745507,
                        5351.41895179062,
                        6470.87894253608,
                        4869.798490595685,
                        4258.06701055881,
                        4860.641088464258,
                        6852.741098563814,
                        7481.789831575024,
                        6971.409161900807,
                        6453.240815992646,
                        7285.978992486507,
                        7542.106789970212,
                        6500.765439027874,
                        13079.19322484808
                    ]
                },
                "3": {
                    "laptime": 131785.9259276649,
                    "sectors": [
                        14573.118866182687,
                        45926.873608094174,
                        71285.93345338803
                    ],
                    "microsectors": [
                        135.9155017763826,
                        395.3846225386826,
                        834.1965076161306,
                        1750.4646915451358,
                        1798.997273585264,
                        2079.711156922217,
                        1807.6148574473477,
                        1713.1384218763217,
                        1956.614205920198,
                        2101.081626955008,
                        2531.7265167241744,
                        3471.123904889633,
                        4682.839222962966,
                        4079.8110938031837,
                        3622.9068659937916,
                        5245.444719052535,
                        5600.924899745507,
                        5351.41895179062,
                        6470.87894253608,
                        4869.798490595685,
                        4258.06701055881,
                        4860.641088464258,
                        6852.741098563814,
                        7481.789831575024,
                        6971.409161900807,
                        6453.240815992646,
                        7285.978992486507,
                        7542.106789970212,
                        6500.765439027874,
                        13079.19322484808
                    ]
                }
            }
        },
        "best_times": {
            "GRO-Online": {
                "laptime": 131785.9259276649,
                "sectors": [
                    14573.118866182687,
                    45926.873608094174,
                    71285.93345338803
                ],